userId	accout	phone	fio
b2857395394	40101810045250010041	+79291234567	Петров А.Б.
b5837504938	40101810045258438293	+79164039250	Сергеева В.В.
b2622318891	40101810045254649625	+79034146889	Андреев С. С.
b6129407688	40101810045255682762	+79037551577	Алексеева Т. О.
b4240879299	40101810045259007595	+79163233894	Кузьмин Е. Л.
b3432616287	40101810045251519357	+79035324827	Иванова Ж. М.
b4793721386	40101810045253603608	+79038646146	Петров З. Е.
b3339885156	40101810045254835135	+79031799262	Виноградов Р. В.
b3073351774	40101810045254593130	+79261390126	Козлов М. Б.
b3958529073	40101810045258705196	+79036650822	Новикова Е. М.
b5292244513	40101810045255379189	+79166089624	Кузьмин К. Б.
b6834613149	40101810045252291014	+79037203300	Алексеева А. А.
b9481471721	40101810045255074096	+79265742385	Лебедева Л. В.
b4240206293	40101810045258122766	+79268144836	Голубев Г. В.
b3845481915	40101810045255875066	+79162030429	Виноградов М. Т.
b3929268774	40101810045253352213	+79262861331	Козлова П. Г.
b1202856430	40101810045251530022	+79035524966	Петров Н. П.
b3878839554	40101810045253760656	+79167391072	Киселёв И. О.
b4822413566	40101810045259305125	+79267951758	Богданов Б. К.
b8487889579	40101810045254000670	+79033953928	Алексеева С. Н.
b6186761001	40101810045257543711	+79037151209	Михайлов Г. В.
b3296469953	40101810045254833851	+79161271688	Иванов О. Т.
b1953265891	40101810045251517356	+79165005259	Фёдорова Т. П.
b1374797893	40101810045256398311	+79265266252	Комаров М. В.
b8529433882	40101810045253981885	+79262613635	Иванова Б. З.
b4413569141	40101810045253425973	+79039690819	Ковалёв И. З.
b3260604809	40101810045256799192	+79166402063	Ильин А. С.
b8376552426	40101810045259664514	+79161446019	Егорова Е. Д.
b1620872577	40101810045254684503	+79032833164	Степанов Л. Б.
b9897395483	40101810045254434984	+79032606737	Степанова Р. Б.
b6062187250	40101810045255317946	+79265491483	Михайлова Е. П.
b4583452231	40101810045253303429	+79263030534	Иванова Д. Д.
b8747862028	40101810045259682171	+79161921698	Попов Б. К.
b9627670641	40101810045255610091	+79163409319	Егорова З. К.
b7456465682	40101810045256057583	+79038997924	Волкова З. Д.
b1908575732	40101810045259218249	+79163179295	Смирнов Н. Е.
b6412362328	40101810045257932186	+79035493389	Лебедев О. П.
b7949742769	40101810045259241109	+79167912864	Соколов Е. Б.
b3161707426	40101810045252608410	+79037580870	Морозов Б. Ж.
b6704161289	40101810045255860059	+79265177071	Титов Р. Р.
b6528576126	40101810045256643005	+79033608459	Морозов А. О.
b7105112092	40101810045258963685	+79164404055	Соколова Г. Р.
b5692225351	40101810045253911245	+79039842423	Воробьёв Н. О.
b3122744882	40101810045255790743	+79267791941	Лебедев И. М.
b5713443687	40101810045254197094	+79263082737	Фёдорова В. К.
b2799903390	40101810045258290925	+79168451690	Зайцев Д. Ж.
b4739625432	40101810045253803561	+79163688062	Фёдорова М. В.
b6868917089	40101810045251313330	+79261360063	Новиков С. В.
b3530999715	40101810045256146019	+79263907895	Виноградов А. М.
b2718928099	40101810045259333470	+79036986349	Новиков В. О.
b2938747491	40101810045254181504	+79267203810	Лебедева Д. А.
b7191937039	40101810045255490801	+79265016901	Соколов П. Е.
b5167709201	40101810045253711837	+79262953594	Соловьёв П. М.
b6156182741	40101810045255996368	+79164486728	Орлов Т. Т.
b7594711192	40101810045258873816	+79264932885	Гусев И. Т.
b6003459424	40101810045251898445	+79036481891	Фёдорова Г. Р.
b1811464260	40101810045251035736	+79037813172	Соколов З. П.
b4618734272	40101810045256228792	+79033363757	Фёдорова А. С.
b3819800379	40101810045256902587	+79037541341	Кузнецов К. Г.
b9349810842	40101810045251877735	+79036517874	Соколова П. Д.
b8845656372	40101810045258631461	+79161270096	Зайцев А. З.
b1283130539	40101810045259026119	+79269589213	Беляев Д. П.
b2451894515	40101810045254931193	+79165591333	Семёнова Д. Е.
b4135116096	40101810045256543434	+79163156663	Козлова Ж. Е.
b1491393713	40101810045257596307	+79032251996	Баранов М. П.
b1923664089	40101810045258661813	+79162208471	Смирнов Л. И.
b1855879826	40101810045255963448	+79031301780	Михайлова Р. И.
b2994601824	40101810045252355374	+79267792229	Козлова В. М.
b9514398695	40101810045259857813	+79261008075	Кудрявцев Д. Б.
b6613562125	40101810045257560871	+79266512342	Новикова В. С.
b8692015657	40101810045258991011	+79165142586	Беляев В. Б.
b1756554218	40101810045258497790	+79261371784	Куликов Е. И.
b1682622922	40101810045251024318	+79039563546	Михайлова А. Р.
b7649549947	40101810045257283497	+79262127027	Козлова А. Л.
b4963677205	40101810045256357183	+79265059334	Богданов З. К.
b8149470150	40101810045259018899	+79166137125	Алексеев Д. В.
b6980635744	40101810045255283562	+79166924453	Богданов И. И.
b4539149277	40101810045257619067	+79163970199	Комаров Б. Б.
b9246570730	40101810045253591510	+79036157292	Фёдоров Д. Е.
b9140896446	40101810045253538987	+79263769508	Семёнов В. В.
b6519172456	40101810045251397794	+79166602508	Комаров П. М.
b1197405642	40101810045259631678	+79169965388	Гусев М. Г.
b9623781020	40101810045251401584	+79167536393	Морозов В. Г.
b5834591140	40101810045258326660	+79039698422	Кузьмин Г. Д.
b1435889285	40101810045258025276	+79162073463	Николаева Д. Б.
b1217304915	40101810045256621085	+79168265571	Баранов С. Т.
b4287496661	40101810045253774579	+79166942899	Попов С. И.
b3173871665	40101810045251213267	+79033792081	Смирнова Г. Е.
b9989936229	40101810045255838084	+79266950474	Морозов З. М.
b8668149240	40101810045252249491	+79039239093	Васильева Р. О.
b9342894244	40101810045258753125	+79264997517	Волков С. Н.
b8810870886	40101810045255250776	+79038513622	Васильева М. Р.
b5177260246	40101810045252234193	+79036600942	Николаева Т. С.
b9842634853	40101810045254560404	+79264443326	Беляев Б. Д.
b4434336091	40101810045257717594	+79167481134	Кудрявцев А. С.
b5122044271	40101810045256892731	+79037309992	Волков Т. З.
b3291758998	40101810045258338753	+79269193799	Зайцев Ж. Т.
b7851118783	40101810045257255260	+79161894338	Николаева А. В.
b5295134029	40101810045259536980	+79036052831	Иванов К. И.
b6952847488	40101810045257390095	+79161643008	Волкова Г. И.
b3965698547	40101810045256577216	+79033440907	Макаров Н. Л.
b9644217200	40101810045254772422	+79266619352	Кузьмин Д. Е.
b5090044933	40101810045254721205	+79268838815	Андреев Р. Н.
b7306754954	40101810045259585731	+79038688738	Титов П. К.
b3548773747	40101810045257665929	+79031185237	Михайлов Г. Е.
b9601931500	40101810045259577336	+79168436826	Павлов З. Р.
b1281927977	40101810045254376375	+79265539246	Егорова С. Т.
b6112131302	40101810045258395470	+79262599608	Попова Е. Е.
b4459911715	40101810045255557014	+79038967714	Богданов Л. Н.
b9299194206	40101810045255853171	+79037008714	Соколова Б. Д.
b7531131852	40101810045256538550	+79038807735	Козлов Л. С.
b4960386517	40101810045254706121	+79161732696	Соколова Н. О.
b9326369390	40101810045255071359	+79266960052	Воробьёв Л. П.
b9134096449	40101810045251616641	+79032242609	Кузнецов Е. Д.
b8786259526	40101810045252979805	+79269579877	Козлова Д. К.
b3265290691	40101810045258461137	+79032966082	Соколова С. Т.
b8660143391	40101810045259909739	+79168139719	Новикова Т. И.
b3751192884	40101810045253680755	+79034497964	Морозов З. К.
b5509818636	40101810045253066820	+79033354851	Куликов А. Л.
b2260522833	40101810045252335902	+79167476519	Михайлова Б. Т.
b4097037899	40101810045253406973	+79264417284	Новиков О. Т.
b6817007779	40101810045254352199	+79262065199	Кузьмин Б. А.
b3310795936	40101810045256799129	+79162611417	Зайцев О. С.
b3333566350	40101810045253739953	+79268456392	Степанова Л. В.
b5683268157	40101810045254244408	+79036659595	Козлова Р. Г.
b3622406145	40101810045252230516	+79268076780	Лебедева З. Д.
b8560978546	40101810045252568544	+79033326136	Павлов Л. С.
b4404903977	40101810045252113218	+79167477479	Михайлова В. С.
b7621853634	40101810045252183729	+79163056211	Попов С. М.
b4291282160	40101810045254055361	+79031911514	Михайлова Л. Л.
b6742635137	40101810045259227339	+79034309629	Ильин Г. В.
b8314594816	40101810045256025789	+79168173903	Кузьмин Р. П.
b6779552829	40101810045252524449	+79035897885	Титов И. С.
b2247990215	40101810045256373585	+79031347551	Иванова А. Е.
b6820888706	40101810045255106591	+79266187581	Васильев Р. Ж.
b6927789622	40101810045251039404	+79031706706	Комаров Ж. Е.
b4224091568	40101810045252284392	+79166064354	Фёдорова Ж. Н.
b2720833465	40101810045259178930	+79167735267	Титов О. Г.
b1026862605	40101810045251952749	+79039618782	Куликов З. С.
b3801379190	40101810045257496220	+79161213185	Попов Т. Р.
b8476938465	40101810045255913008	+79036185479	Попова Б. М.
b3329367848	40101810045256070412	+79268062141	Зайцев И. Б.
b7337761976	40101810045256880825	+79037092510	Козлов С. Д.
b5356017783	40101810045254307885	+79031338928	Андреев В. Л.
b9423677996	40101810045259604745	+79032954434	Киселёв Д. А.
b9815829561	40101810045255454590	+79039748684	Павлов В. Д.
b8303544526	40101810045252564013	+79167198384	Новиков Е. Р.
b5799449922	40101810045257476437	+79265106595	Голубев Г. М.
b5340558437	40101810045255021174	+79168093235	Смирнова Н. А.
b7692537794	40101810045259212752	+79165523604	Ковалёв О. М.
b9720097971	40101810045256358430	+79161950095	Гусев Т. Т.
b5827434874	40101810045258168727	+79265637331	Павлов М. Д.
b6418064666	40101810045253078843	+79036892363	Лебедева Р. Д.
b9517143489	40101810045254543416	+79166185382	Кузьмин С. Г.
b9807069526	40101810045256696644	+79167978534	Петрова М. А.
b2397608628	40101810045253937605	+79032804210	Васильева В. Л.
b4321802981	40101810045253660684	+79267232400	Андреев З. С.
b6064037709	40101810045254698639	+79269577710	Комаров Г. С.
b6309129889	40101810045255877069	+79034772721	Степанова Т. П.
b6736409563	40101810045253020392	+79164949799	Яковлев П. З.
b5173667667	40101810045256928345	+79164341190	Попов Б. Т.
b5974456485	40101810045251051341	+79264956988	Смирнова Б. З.
b3174838294	40101810045252089650	+79266644877	Павлов Т. А.
b7054368325	40101810045257180721	+79263401467	Павлов Р. С.
b5274227113	40101810045254800661	+79261055657	Богданов В. Н.
b8368762046	40101810045257849494	+79265343944	Титов М. М.
b9999211805	40101810045256839815	+79031688929	Михайлов А. П.
b8949964509	40101810045251012147	+79265740164	Фёдоров Л. О.
b7461433802	40101810045253540702	+79162222322	Куликов Ж. Б.
b6432327073	40101810045253507258	+79035832077	Морозова З. Е.
b1777798083	40101810045259832288	+79269436081	Николаева Д. И.
b1214330667	40101810045257940307	+79262735535	Новиков С. П.
b6556044246	40101810045252567204	+79031232543	Смирнова В. Р.
b3145117834	40101810045254422167	+79035909730	Козлов М. О.
b9687962083	40101810045254835312	+79163045558	Морозова Т. Ж.
b8980289862	40101810045254814485	+79261122322	Титов П. П.
b5944081776	40101810045253520445	+79264645854	Козлов О. Б.
b7672234168	40101810045252358502	+79163117618	Попов К. З.
b2562897320	40101810045259711181	+79268361489	Васильева Ж. Б.
b5436659839	40101810045258928516	+79034409524	Михайлова П. О.
b5190868346	40101810045258239004	+79162138767	Смирнова Т. В.
b8095432007	40101810045251324193	+79162354038	Андреев А. Б.
b2551633099	40101810045255291781	+79168991056	Козлова К. З.
b9414240416	40101810045259307152	+79166960273	Новиков Р. В.
b6548655255	40101810045253839541	+79169578846	Куликов О. Е.
b3973126705	40101810045257230676	+79269336533	Морозова З. О.
b7100261214	40101810045251678427	+79032400126	Егорова П. А.
b9982925389	40101810045251507382	+79165911850	Семёнова А. Л.
b7664969046	40101810045256112738	+79169680236	Фёдорова К. П.
b9857481123	40101810045253757025	+79166209486	Волкова В. В.
b5714884618	40101810045253188395	+79261780206	Яковлев Г. К.
b3546830418	40101810045251827364	+79261199186	Степанова Е. Р.
b9204057340	40101810045255598047	+79169440661	Попов Л. А.
b7470882231	40101810045255478577	+79269635792	Козлов Б. З.
b5613803750	40101810045255600750	+79264205403	Беляев Г. Н.
b4012225051	40101810045253520670	+79269427175	Комаров О. М.
b7865244759	40101810045255511462	+79266314616	Ковалёв А. З.
b4841465532	40101810045259247260	+79267104108	Кудрявцев И. Г.
b7903335935	40101810045253745444	+79269704233	Кузьмин В. Л.
b6239994507	40101810045258508400	+79038137189	Гусев Р. М.