unique_id	mobile_id	bank_id	marketplace_id
UID_001	m1395827402	b2857395394	\N
UID_002	m2284039583	\N	\N
UID_003	m3049382749	b5837504938	\N
UID_004	m6499113793	\N	\N
UID_005	m3797725890	\N	\N
UID_006	m4044840314	\N	\N
UID_007	m3665791713	\N	\N
UID_008	m9849662126	\N	\N
UID_009	m8381154247	\N	\N
UID_010	m3806153775	\N	\N
UID_011	m2627954599	\N	\N
UID_012	m1903152197	\N	\N
UID_013	m6818240056	\N	\N
UID_014	m7858752560	\N	\N
UID_015	m8858291544	\N	\N
UID_016	m5954784771	\N	\N
UID_017	m7968719863	\N	\N
UID_018	m8221098579	\N	\N
UID_019	m1508734406	\N	\N
UID_020	m6106263480	\N	\N
UID_021	m5821665594	\N	\N
UID_022	m5589174211	\N	\N
UID_023	m5978778380	\N	\N
UID_024	m5760952817	\N	\N
UID_025	m5001186730	\N	\N
UID_026	m8539570796	\N	\N
UID_027	m4773699305	\N	\N
UID_028	m1524859392	\N	\N
UID_029	m8106179668	\N	\N
UID_030	m3112155040	\N	\N
UID_031	m2371674247	\N	\N
UID_032	m9383753533	\N	\N
UID_033	m2202569791	\N	\N
UID_034	m9144799726	\N	\N
UID_035	m6098827371	\N	\N
UID_036	m2656477140	\N	\N
UID_037	m5228963020	\N	\N
UID_038	m1005673246	\N	\N
UID_039	m2649577285	\N	\N
UID_040	m5781134689	\N	\N
UID_041	m2864352914	\N	\N
UID_042	m8049570743	\N	\N
UID_043	m3259600947	\N	\N
UID_044	m7623073463	\N	\N
UID_045	m2166947340	\N	\N
UID_046	m2853363319	\N	\N
UID_047	m1054304730	\N	\N
UID_048	m9321146463	\N	\N
UID_049	m4306863126	\N	\N
UID_050	m6026613252	\N	\N
UID_051	m3998087336	\N	\N
UID_052	m9204788860	\N	\N
UID_053	m8883229933	\N	\N
UID_054	m3801028123	\N	\N
UID_055	m1142175514	\N	\N
UID_056	m4613366692	\N	\N
UID_057	m5698217726	\N	\N
UID_058	m2256363724	\N	\N
UID_059	m5705001881	\N	\N
UID_060	m7847586595	\N	\N
UID_061	m7712721670	\N	\N
UID_062	m3188933036	\N	\N
UID_063	m7611549945	\N	\N
UID_064	m6925728801	\N	\N
UID_065	m6427322506	\N	\N
UID_066	m3488239046	\N	\N
UID_067	m5231373071	\N	\N
UID_068	m2483115595	\N	\N
UID_069	m2314657572	\N	\N
UID_070	m3009362212	\N	\N
UID_071	m6353471976	\N	\N
UID_072	m3367426690	\N	\N
UID_073	m9866205876	\N	\N
UID_074	m2204418237	\N	\N
UID_075	m8398658265	\N	\N
UID_076	m8601408300	\N	\N
UID_077	m2502302895	\N	\N
UID_078	m6094314865	\N	\N
UID_079	m6053355540	\N	\N
UID_080	m9631807517	\N	\N
UID_081	m4351747838	\N	\N
UID_082	m6218288476	\N	\N
UID_083	m2831857545	\N	\N
UID_084	m6786323086	\N	\N
UID_085	m9582291426	\N	\N
UID_086	m5308297082	\N	\N
UID_087	m1608766664	\N	\N
UID_088	m9951343930	\N	\N
UID_089	m4226341536	\N	\N
UID_090	m2395355487	\N	\N
UID_091	m1340130890	\N	\N
UID_092	m3105803840	\N	\N
UID_093	m7278043136	\N	\N
UID_094	m6867308236	\N	\N
UID_095	m8732502331	\N	\N
UID_096	m9321765706	\N	\N
UID_097	m8088963093	\N	\N
UID_098	m4886914741	\N	\N
UID_099	m3804714245	\N	\N
UID_100	m4703918402	\N	\N
UID_101	m2384525810	\N	\N
UID_102	m4847411785	\N	\N
UID_103	m4972817237	\N	\N
UID_104	m8016248528	\N	\N
UID_105	m7080803384	\N	\N
UID_106	m9079149964	\N	\N
UID_107	m2547577145	\N	\N
UID_108	m8392793622	\N	\N
UID_109	m7301330272	\N	\N
UID_110	m4014342500	\N	\N
UID_111	m5518393318	\N	\N
UID_112	m5831301337	\N	\N
UID_113	m7394491536	\N	\N
UID_114	m5063551740	\N	\N
UID_115	m5791033144	\N	\N
UID_116	m3645458818	\N	\N
UID_117	m3113273013	\N	\N
UID_118	m7197597707	\N	\N
UID_119	m1323293856	\N	\N
UID_120	m6752985781	\N	\N
UID_121	m4533236224	\N	\N
UID_122	m5115081653	\N	\N
UID_123	m9857179211	\N	\N
UID_124	m5597848040	\N	\N
UID_125	m2421570823	\N	\N
UID_126	m3616463739	\N	\N
UID_127	m5413102384	\N	\N
UID_128	m1077299023	\N	\N
UID_129	m7323617937	\N	\N
UID_130	m1454059110	\N	\N
UID_131	m6015450136	\N	\N
UID_132	m9712719940	\N	\N
UID_133	m9384442343	\N	\N
UID_134	m3010197500	\N	\N
UID_135	m3649149894	\N	\N
UID_136	m8140764106	\N	\N
UID_137	m5610551573	\N	\N
UID_138	m4294006537	\N	\N
UID_139	m9076721691	\N	\N
UID_140	m5585913782	\N	\N
UID_141	m3636607851	\N	\N
UID_142	m7856387837	\N	\N
UID_143	m9870637716	\N	\N
UID_144	m5068931236	\N	\N
UID_145	m5752375956	\N	\N
UID_146	m2232643830	\N	\N
UID_147	m8046557446	\N	\N
UID_148	m8088314550	\N	\N
UID_149	m5019393994	\N	\N
UID_150	m4804421692	\N	\N
UID_151	m4273209764	\N	\N
UID_152	m2922882947	\N	\N
UID_153	m7448731016	\N	\N
UID_154	m2378496928	\N	\N
UID_155	m7220312967	\N	\N
UID_156	m8484487241	\N	\N
UID_157	m8772557483	\N	\N
UID_158	m4106016674	\N	\N
UID_159	m3046552605	\N	\N
UID_160	m1728772192	\N	\N
UID_161	m6576331926	\N	\N
UID_162	m1649614948	\N	\N
UID_163	m9285122056	\N	\N
UID_164	m5514472592	\N	\N
UID_165	m1736109883	\N	\N
UID_166	m1301377399	\N	\N
UID_167	m4477960960	\N	\N
UID_168	m5567181544	\N	\N
UID_169	m8666120630	\N	\N
UID_170	m7431202971	\N	\N
UID_171	m9894189403	\N	\N
UID_172	m1256640767	\N	\N
UID_173	m3152929977	\N	\N
UID_174	m5000647618	\N	\N
UID_175	m8515951390	\N	\N
UID_176	m4579980925	\N	\N
UID_177	m3175074063	\N	\N
UID_178	m5374964670	\N	\N
UID_179	m4788128081	\N	\N
UID_180	m1177850584	\N	\N
UID_181	m6614692961	\N	\N
UID_182	m4401648392	\N	\N
UID_183	m4047277291	\N	\N
UID_184	m3548493531	\N	\N
UID_185	m6206937521	\N	\N
UID_186	m7152218922	\N	\N
UID_187	m9879874883	\N	\N
UID_188	m4387493526	\N	\N
UID_189	m8019282967	\N	\N
UID_190	m5914834020	\N	\N
UID_191	m9411734834	\N	\N
UID_192	m6783830802	\N	\N
UID_193	m2197953954	\N	\N
UID_194	m8431501913	\N	\N
UID_195	m5403145208	\N	\N
UID_196	m3707395879	\N	\N
UID_197	m7878922691	\N	\N
UID_198	m3593273540	\N	\N
UID_199	m5799022775	\N	\N
UID_200	\N	b2622318891	\N
UID_201	\N	b6129407688	\N
UID_202	\N	b4240879299	\N
UID_203	\N	b3432616287	\N
UID_204	\N	b4793721386	\N
UID_205	\N	b3339885156	\N
UID_206	\N	b3073351774	\N
UID_207	\N	b3958529073	\N
UID_208	\N	b5292244513	\N
UID_209	\N	b6834613149	\N
UID_210	\N	b9481471721	\N
UID_211	\N	b4240206293	\N
UID_212	\N	b3845481915	\N
UID_213	\N	b3929268774	\N
UID_214	\N	b1202856430	\N
UID_215	\N	b3878839554	\N
UID_216	\N	b4822413566	\N
UID_217	\N	b8487889579	\N
UID_218	\N	b6186761001	\N
UID_219	\N	b3296469953	\N
UID_220	\N	b1953265891	\N
UID_221	\N	b1374797893	\N
UID_222	\N	b8529433882	\N
UID_223	\N	b4413569141	\N
UID_224	\N	b3260604809	\N
UID_225	\N	b8376552426	\N
UID_226	\N	b1620872577	\N
UID_227	\N	b9897395483	\N
UID_228	\N	b6062187250	\N
UID_229	\N	b4583452231	\N
UID_230	\N	b8747862028	\N
UID_231	\N	b9627670641	\N
UID_232	\N	b7456465682	\N
UID_233	\N	b1908575732	\N
UID_234	\N	b6412362328	\N
UID_235	\N	b7949742769	\N
UID_236	\N	b3161707426	\N
UID_237	\N	b6704161289	\N
UID_238	\N	b6528576126	\N
UID_239	\N	b7105112092	\N
UID_240	\N	b5692225351	\N
UID_241	\N	b3122744882	\N
UID_242	\N	b5713443687	\N
UID_243	\N	b2799903390	\N
UID_244	\N	b4739625432	\N
UID_245	\N	b6868917089	\N
UID_246	\N	b3530999715	\N
UID_247	\N	b2718928099	\N
UID_248	\N	b2938747491	\N
UID_249	\N	b7191937039	\N
UID_250	\N	b5167709201	\N
UID_251	\N	b6156182741	\N
UID_252	\N	b7594711192	\N
UID_253	\N	b6003459424	\N
UID_254	\N	b1811464260	\N
UID_255	\N	b4618734272	\N
UID_256	\N	b3819800379	\N
UID_257	\N	b9349810842	\N
UID_258	\N	b8845656372	\N
UID_259	\N	b1283130539	\N
UID_260	\N	b2451894515	\N
UID_261	\N	b4135116096	\N
UID_262	\N	b1491393713	\N
UID_263	\N	b1923664089	\N
UID_264	\N	b1855879826	\N
UID_265	\N	b2994601824	\N
UID_266	\N	b9514398695	\N
UID_267	\N	b6613562125	\N
UID_268	\N	b8692015657	\N
UID_269	\N	b1756554218	\N
UID_270	\N	b1682622922	\N
UID_271	\N	b7649549947	\N
UID_272	\N	b4963677205	\N
UID_273	\N	b8149470150	\N
UID_274	\N	b6980635744	\N
UID_275	\N	b4539149277	\N
UID_276	\N	b9246570730	\N
UID_277	\N	b9140896446	\N
UID_278	\N	b6519172456	\N
UID_279	\N	b1197405642	\N
UID_280	\N	b9623781020	\N
UID_281	\N	b5834591140	\N
UID_282	\N	b1435889285	\N
UID_283	\N	b1217304915	\N
UID_284	\N	b4287496661	\N
UID_285	\N	b3173871665	\N
UID_286	\N	b9989936229	\N
UID_287	\N	b8668149240	\N
UID_288	\N	b9342894244	\N
UID_289	\N	b8810870886	\N
UID_290	\N	b5177260246	\N
UID_291	\N	b9842634853	\N
UID_292	\N	b4434336091	\N
UID_293	\N	b5122044271	\N
UID_294	\N	b3291758998	\N
UID_295	\N	b7851118783	\N
UID_296	\N	b5295134029	\N
UID_297	\N	b6952847488	\N
UID_298	\N	b3965698547	\N
UID_299	\N	b9644217200	\N
UID_300	\N	b5090044933	\N
UID_301	\N	b7306754954	\N
UID_302	\N	b3548773747	\N
UID_303	\N	b9601931500	\N
UID_304	\N	b1281927977	\N
UID_305	\N	b6112131302	\N
UID_306	\N	b4459911715	\N
UID_307	\N	b9299194206	\N
UID_308	\N	b7531131852	\N
UID_309	\N	b4960386517	\N
UID_310	\N	b9326369390	\N
UID_311	\N	b9134096449	\N
UID_312	\N	b8786259526	\N
UID_313	\N	b3265290691	\N
UID_314	\N	b8660143391	\N
UID_315	\N	b3751192884	\N
UID_316	\N	b5509818636	\N
UID_317	\N	b2260522833	\N
UID_318	\N	b4097037899	\N
UID_319	\N	b6817007779	\N
UID_320	\N	b3310795936	\N
UID_321	\N	b3333566350	\N
UID_322	\N	b5683268157	\N
UID_323	\N	b3622406145	\N
UID_324	\N	b8560978546	\N
UID_325	\N	b4404903977	\N
UID_326	\N	b7621853634	\N
UID_327	\N	b4291282160	\N
UID_328	\N	b6742635137	\N
UID_329	\N	b8314594816	\N
UID_330	\N	b6779552829	\N
UID_331	\N	b2247990215	\N
UID_332	\N	b6820888706	\N
UID_333	\N	b6927789622	\N
UID_334	\N	b4224091568	\N
UID_335	\N	b2720833465	\N
UID_336	\N	b1026862605	\N
UID_337	\N	b3801379190	\N
UID_338	\N	b8476938465	\N
UID_339	\N	b3329367848	\N
UID_340	\N	b7337761976	\N
UID_341	\N	b5356017783	\N
UID_342	\N	b9423677996	\N
UID_343	\N	b9815829561	\N
UID_344	\N	b8303544526	\N
UID_345	\N	b5799449922	\N
UID_346	\N	b5340558437	\N
UID_347	\N	b7692537794	\N
UID_348	\N	b9720097971	\N
UID_349	\N	b5827434874	\N
UID_350	\N	b6418064666	\N
UID_351	\N	b9517143489	\N
UID_352	\N	b9807069526	\N
UID_353	\N	b2397608628	\N
UID_354	\N	b4321802981	\N
UID_355	\N	b6064037709	\N
UID_356	\N	b6309129889	\N
UID_357	\N	b6736409563	\N
UID_358	\N	b5173667667	\N
UID_359	\N	b5974456485	\N
UID_360	\N	b3174838294	\N
UID_361	\N	b7054368325	\N
UID_362	\N	b5274227113	\N
UID_363	\N	b8368762046	\N
UID_364	\N	b9999211805	\N
UID_365	\N	b8949964509	\N
UID_366	\N	b7461433802	\N
UID_367	\N	b6432327073	\N
UID_368	\N	b1777798083	\N
UID_369	\N	b1214330667	\N
UID_370	\N	b6556044246	\N
UID_371	\N	b3145117834	\N
UID_372	\N	b9687962083	\N
UID_373	\N	b8980289862	\N
UID_374	\N	b5944081776	\N
UID_375	\N	b7672234168	\N
UID_376	\N	b2562897320	\N
UID_377	\N	b5436659839	\N
UID_378	\N	b5190868346	\N
UID_379	\N	b8095432007	\N
UID_380	\N	b2551633099	\N
UID_381	\N	b9414240416	\N
UID_382	\N	b6548655255	\N
UID_383	\N	b3973126705	\N
UID_384	\N	b7100261214	\N
UID_385	\N	b9982925389	\N
UID_386	\N	b7664969046	\N
UID_387	\N	b9857481123	\N
UID_388	\N	b5714884618	\N
UID_389	\N	b3546830418	\N
UID_390	\N	b9204057340	\N
UID_391	\N	b7470882231	\N
UID_392	\N	b5613803750	\N
UID_393	\N	b4012225051	\N
UID_394	\N	b7865244759	\N
UID_395	\N	b4841465532	\N
UID_396	\N	b7903335935	\N
UID_397	\N	b6239994507	\N
UID_398	\N	\N	mp2920493810
UID_399	\N	\N	mp5008963170
UID_400	\N	\N	mp9909563817
UID_401	\N	\N	mp8362292955
UID_402	\N	\N	mp6578168548
UID_403	\N	\N	mp3205272593
UID_404	\N	\N	mp2462379221
UID_405	\N	\N	mp7424858709
UID_406	\N	\N	mp9887814195
UID_407	\N	\N	mp7365474301
UID_408	\N	\N	mp1487297634
UID_409	\N	\N	mp1195402530
UID_410	\N	\N	mp7380822963
UID_411	\N	\N	mp1227265872
UID_412	\N	\N	mp1790147211
UID_413	\N	\N	mp5757793063
UID_414	\N	\N	mp6501660145
UID_415	\N	\N	mp7176635307
UID_416	\N	\N	mp7099615703
UID_417	\N	\N	mp4134848517
UID_418	\N	\N	mp9676517160
UID_419	\N	\N	mp3399511661
UID_420	\N	\N	mp4401339223
UID_421	\N	\N	mp5418247584
UID_422	\N	\N	mp7054075088
UID_423	\N	\N	mp5258666261
UID_424	\N	\N	mp4401395031
UID_425	\N	\N	mp7846810191
UID_426	\N	\N	mp7256683320
UID_427	\N	\N	mp4214655874
UID_428	\N	\N	mp9441408476
UID_429	\N	\N	mp3137313118
UID_430	\N	\N	mp1177991222
UID_431	\N	\N	mp3752377927
UID_432	\N	\N	mp3180303990
UID_433	\N	\N	mp3113466995
UID_434	\N	\N	mp3135850030
UID_435	\N	\N	mp6896752931
UID_436	\N	\N	mp8745582595
UID_437	\N	\N	mp2504761707
UID_438	\N	\N	mp9165814337
UID_439	\N	\N	mp4027370006
UID_440	\N	\N	mp5172627612
UID_441	\N	\N	mp2304362246
UID_442	\N	\N	mp7947307146
UID_443	\N	\N	mp5496415829
UID_444	\N	\N	mp7493450147
UID_445	\N	\N	mp3650958402
UID_446	\N	\N	mp3317841901
UID_447	\N	\N	mp2645249666
UID_448	\N	\N	mp5274731372
UID_449	\N	\N	mp5744017000
UID_450	\N	\N	mp8136794113
UID_451	\N	\N	mp9602188190
UID_452	\N	\N	mp3085623832
UID_453	\N	\N	mp4425841062
UID_454	\N	\N	mp7500969695
UID_455	\N	\N	mp4076496712
UID_456	\N	\N	mp3762193985
UID_457	\N	\N	mp6770713192
UID_458	\N	\N	mp6526640307
UID_459	\N	\N	mp1252737793
UID_460	\N	\N	mp4086500971
UID_461	\N	\N	mp7820993866
UID_462	\N	\N	mp4733233070
UID_463	\N	\N	mp3779107965
UID_464	\N	\N	mp3127603956
UID_465	\N	\N	mp1960945490
UID_466	\N	\N	mp8792084351
UID_467	\N	\N	mp9985279960
UID_468	\N	\N	mp7666482008
UID_469	\N	\N	mp7194983122
UID_470	\N	\N	mp6144650618
UID_471	\N	\N	mp8799344602
UID_472	\N	\N	mp1723738286
UID_473	\N	\N	mp6199500044
UID_474	\N	\N	mp3661785472
UID_475	\N	\N	mp4538722107
UID_476	\N	\N	mp9393653712
UID_477	\N	\N	mp1274824218
UID_478	\N	\N	mp8400839640
UID_479	\N	\N	mp2411579637
UID_480	\N	\N	mp5001364795
UID_481	\N	\N	mp5626756581
UID_482	\N	\N	mp6878442048
UID_483	\N	\N	mp9308509674
UID_484	\N	\N	mp9474749219
UID_485	\N	\N	mp9442982730
UID_486	\N	\N	mp2896343266
UID_487	\N	\N	mp4815833204
UID_488	\N	\N	mp5630290814
UID_489	\N	\N	mp1463451949
UID_490	\N	\N	mp7093387783
UID_491	\N	\N	mp9345962131
UID_492	\N	\N	mp6015473341
UID_493	\N	\N	mp8769453225
UID_494	\N	\N	mp5351350979
UID_495	\N	\N	mp3342111733
UID_496	\N	\N	mp8986554861
UID_497	\N	\N	mp6495067517
UID_498	\N	\N	mp6543297710
UID_499	\N	\N	mp2358401777
UID_500	\N	\N	mp1748070794
UID_501	\N	\N	mp5853642359
UID_502	\N	\N	mp9368707424
UID_503	\N	\N	mp8193060891
UID_504	\N	\N	mp3108754358
UID_505	\N	\N	mp5098583809
UID_506	\N	\N	mp4026597083
UID_507	\N	\N	mp8571737429
UID_508	\N	\N	mp9845901420
UID_509	\N	\N	mp5950339845
UID_510	\N	\N	mp7205198772
UID_511	\N	\N	mp5074913337
UID_512	\N	\N	mp9689255172
UID_513	\N	\N	mp2031414227
UID_514	\N	\N	mp6080768138
UID_515	\N	\N	mp3122522068
UID_516	\N	\N	mp2198756744
UID_517	\N	\N	mp2986855579
UID_518	\N	\N	mp1142299344
UID_519	\N	\N	mp6626614872
UID_520	\N	\N	mp5331038517
UID_521	\N	\N	mp7809310288
UID_522	\N	\N	mp1880832387
UID_523	\N	\N	mp2248397379
UID_524	\N	\N	mp2375303723
UID_525	\N	\N	mp8214480593
UID_526	\N	\N	mp7059204289
UID_527	\N	\N	mp1251714954
UID_528	\N	\N	mp9458953724
UID_529	\N	\N	mp5779864689
UID_530	\N	\N	mp3314697493
UID_531	\N	\N	mp1945467174
UID_532	\N	\N	mp5943481461
UID_533	\N	\N	mp4038298025
UID_534	\N	\N	mp9205795026
UID_535	\N	\N	mp4926985952
UID_536	\N	\N	mp6753410013
UID_537	\N	\N	mp2005122170
UID_538	\N	\N	mp6596670338
UID_539	\N	\N	mp8680876405
UID_540	\N	\N	mp5751085693
UID_541	\N	\N	mp4838993031
UID_542	\N	\N	mp1144446057
UID_543	\N	\N	mp5586190686
UID_544	\N	\N	mp4864807706
UID_545	\N	\N	mp3549776405
UID_546	\N	\N	mp8378576310
UID_547	\N	\N	mp5359731499
UID_548	\N	\N	mp7404637312
UID_549	\N	\N	mp6827336764
UID_550	\N	\N	mp9246203976
UID_551	\N	\N	mp4991987236
UID_552	\N	\N	mp4700039000
UID_553	\N	\N	mp5122603389
UID_554	\N	\N	mp2780502731
UID_555	\N	\N	mp1140230287
UID_556	\N	\N	mp4790189820
UID_557	\N	\N	mp1936852689
UID_558	\N	\N	mp9138364343
UID_559	\N	\N	mp5301905013
UID_560	\N	\N	mp7877652050
UID_561	\N	\N	mp7026198436
UID_562	\N	\N	mp7175774430
UID_563	\N	\N	mp9603984341
UID_564	\N	\N	mp5335870292
UID_565	\N	\N	mp6674148956
UID_566	\N	\N	mp1582935936
UID_567	\N	\N	mp2128048790
UID_568	\N	\N	mp1629338308
UID_569	\N	\N	mp5257593473
UID_570	\N	\N	mp8692749318
UID_571	\N	\N	mp4036388255
UID_572	\N	\N	mp5390871988
UID_573	\N	\N	mp5675790555
UID_574	\N	\N	mp1302958639
UID_575	\N	\N	mp4736128610
UID_576	\N	\N	mp4877060410
UID_577	\N	\N	mp3894769710
UID_578	\N	\N	mp5725412528
UID_579	\N	\N	mp6009024771
UID_580	\N	\N	mp8090967747
UID_581	\N	\N	mp8370829344
UID_582	\N	\N	mp8394616761
UID_583	\N	\N	mp1325155192
UID_584	\N	\N	mp9852629159
UID_585	\N	\N	mp6896058565
UID_586	\N	\N	mp3099666068
UID_587	\N	\N	mp7210876895
UID_588	\N	\N	mp6729324172
UID_589	\N	\N	mp7804362993
UID_590	\N	\N	mp4464523261
UID_591	\N	\N	mp3227492691
UID_592	\N	\N	mp4904086837
UID_593	\N	\N	mp5629001602
UID_594	\N	\N	mp4741626715
UID_595	\N	\N	mp1360543496
